filename,score,cluster_id
DB11742_docking_min1.mol2,-10,0
DB00843_docking_min1.mol2,-7.6,0
DB08990_docking_min1.mol2,-6.6,0
DB00645_docking_min1.mol2,-6.5,0
DB11125_docking_min1.mol2,-6.5,0
DB09345_docking_min1.mol2,-6.1,0
DB12554_docking_min1.mol2,-5.9,0
DB01081_docking_min1.mol2,-5.8,0
DB12278_docking_min1.mol2,-5.7,0
DB01146_docking_min1.mol2,-5.6,0
DB00454_docking_min1.mol2,-5.5,0
DB08988_docking_min1.mol2,-5.4,0
DB06684_docking_min1.mol2,-9.4,1
DB00480_docking_min1.mol2,-8.2,1
DB00210_docking_min1.mol2,-9.2,2
DB11071_docking_min1.mol2,-7.6,2
DB13953_docking_min1.mol2,-7.5,2
DB00788_docking_min1.mol2,-7.3,2
DB04575_docking_min1.mol2,-7.2,2
DB04824_docking_min1.mol2,-7.1,2
DB01428_docking_min1.mol2,-6.9,2
DB01241_docking_min1.mol2,-6.4,2
DB11994_docking_min1.mol2,-6.4,2
DB01357_docking_min1.mol2,-6.3,2
DB04573_docking_min1.mol2,-6.3,2
DB00946_docking_min1.mol2,-6.2,2
DB00374_docking_min1.mol2,-6.1,2
DB00573_docking_min1.mol2,-6.1,2
DB11201_docking_min1.mol2,-5.8,2
DB11791_docking_min1.mol2,-9.2,3
DB01544_docking_min1.mol2,-9.1,4
DB01595_docking_min1.mol2,-6.7,4
DB01068_docking_min1.mol2,-6.6,4
DB06589_docking_min1.mol2,-9.1,5
DB00705_docking_min1.mol2,-8.1,5
DB00482_docking_min1.mol2,-7.6,5
DB08881_docking_min1.mol2,-7.6,5
DB00576_docking_min1.mol2,-7.3,5
DB00216_docking_min1.mol2,-7.1,5
DB11817_docking_min1.mol2,-6.9,5
DB00808_docking_min1.mol2,-6.7,5
DB00952_docking_min1.mol2,-6.7,5
DB00918_docking_min1.mol2,-6.4,5
DB01621_docking_min1.mol2,-6.4,5
DB06147_docking_min1.mol2,-6.2,5
DB13165_docking_min1.mol2,-6.1,5
DB01194_docking_min1.mol2,-5.6,5
DB00869_docking_min1.mol2,-5.5,5
DB00669_docking_min1.mol2,-5.3,5
DB00734_docking_min1.mol2,-9,6
DB09195_docking_min1.mol2,-8.8,6
DB00298_docking_min1.mol2,-7.8,6
DB00656_docking_min1.mol2,-7.7,6
DB00972_docking_min1.mol2,-7.7,6
DB01149_docking_min1.mol2,-7.6,6
DB09034_docking_min1.mol2,-7.2,6
DB00402_docking_min1.mol2,-6.3,6
DB01198_docking_min1.mol2,-6.3,6
DB01067_docking_min1.mol2,-9,7
DB09183_docking_min1.mol2,-8.4,7
DB01016_docking_min1.mol2,-8.3,7
DB01582_docking_min1.mol2,-8.1,7
DB01298_docking_min1.mol2,-8,7
DB00880_docking_min1.mol2,-7.9,7
DB00436_docking_min1.mol2,-7.8,7
DB00664_docking_min1.mol2,-7.7,7
DB11362_docking_min1.mol2,-7.7,7
DB00263_docking_min1.mol2,-7.6,7
DB08798_docking_min1.mol2,-7.5,7
DB00524_docking_min1.mol2,-7.4,7
DB01325_docking_min1.mol2,-7.4,7
DB00706_docking_min1.mol2,-7.2,7
DB00359_docking_min1.mol2,-7,7
DB00391_docking_min1.mol2,-7,7
DB01581_docking_min1.mol2,-7,7
DB00469_docking_min1.mol2,-6.9,7
DB00562_docking_min1.mol2,-6.9,7
DB06821_docking_min1.mol2,-6.9,7
DB00862_docking_min1.mol2,-6.8,7
DB00203_docking_min1.mol2,-6.7,7
DB01015_docking_min1.mol2,-6.7,7
DB00276_docking_min1.mol2,-6.6,7
DB00554_docking_min1.mol2,-6.5,7
DB00999_docking_min1.mol2,-6.5,7
DB01382_docking_min1.mol2,-6.5,7
DB00214_docking_min1.mol2,-6.4,7
DB00891_docking_min1.mol2,-6.4,7
DB02925_docking_min1.mol2,-6.3,7
DB01021_docking_min1.mol2,-6.1,7
DB00774_docking_min1.mol2,-6,7
DB01324_docking_min1.mol2,-5.8,7
DB00232_docking_min1.mol2,-5.7,7
DB06729_docking_min1.mol2,-5.7,7
DB01299_docking_min1.mol2,-5.6,7
DB00887_docking_min1.mol2,-5.3,7
DB00872_docking_min1.mol2,-8.9,8
DB12867_docking_min1.mol2,-8.5,8
DB01261_docking_min1.mol2,-8.4,8
DB04908_docking_min1.mol2,-8.4,8
DB01184_docking_min1.mol2,-8.3,8
DB00637_docking_min1.mol2,-8.2,8
DB01238_docking_min1.mol2,-8.2,8
DB01267_docking_min1.mol2,-8.1,8
DB06144_docking_min1.mol2,-8.1,8
DB00450_docking_min1.mol2,-7.8,8
DB01100_docking_min1.mol2,-7.8,8
DB00467_docking_min1.mol2,-7.7,8
DB00685_docking_min1.mol2,-7.7,8
DB00969_docking_min1.mol2,-7.7,8
DB01349_docking_min1.mol2,-7.6,8
DB00246_docking_min1.mol2,-7.4,8
DB01254_docking_min1.mol2,-7.4,8
DB11703_docking_min1.mol2,-7.2,8
DB09343_docking_min1.mol2,-7.1,8
DB08931_docking_min1.mol2,-7,8
DB14018_docking_min1.mol2,-7,8
DB14132_docking_min1.mol2,-7,8
DB09054_docking_min1.mol2,-6.9,8
DB00261_docking_min1.mol2,-6.4,8
DB04842_docking_min1.mol2,-6.4,8
DB00978_docking_min1.mol2,-6.2,8
DB01059_docking_min1.mol2,-6.1,8
DB01268_docking_min1.mol2,-6,8
DB08895_docking_min1.mol2,-6,8
DB00238_docking_min1.mol2,-5.9,8
DB09030_docking_min1.mol2,-8.9,9
DB00398_docking_min1.mol2,-8.8,10
DB08896_docking_min1.mol2,-8.2,10
DB01195_docking_min1.mol2,-7.3,10
DB01656_docking_min1.mol2,-7.3,10
DB09078_docking_min1.mol2,-7.2,10
DB00619_docking_min1.mol2,-8.8,11
DB08883_docking_min1.mol2,-7.1,11
DB00853_docking_min1.mol2,-6.9,11
DB00670_docking_min1.mol2,-6.6,11
DB06203_docking_min1.mol2,-6.1,11
DB00849_docking_min1.mol2,-5.7,11
DB00791_docking_min1.mol2,-5.6,11
DB06228_docking_min1.mol2,-8.8,12
DB13931_docking_min1.mol2,-8.8,13
DB01132_docking_min1.mol2,-8.7,14
DB09198_docking_min1.mol2,-8.2,14
DB05039_docking_min1.mol2,-8.7,15
DB02959_docking_min1.mol2,-7.5,15
DB08820_docking_min1.mol2,-7.3,15
DB01065_docking_min1.mol2,-7.2,15
DB09219_docking_min1.mol2,-7.2,15
DB01366_docking_min1.mol2,-5.6,15
DB08922_docking_min1.mol2,-8.7,16
DB08815_docking_min1.mol2,-8.1,16
DB00490_docking_min1.mol2,-6.8,16
DB08930_docking_min1.mol2,-8.7,17
DB00487_docking_min1.mol2,-7.9,17
DB09074_docking_min1.mol2,-7.8,17
DB00322_docking_min1.mol2,-7.6,17
DB00432_docking_min1.mol2,-7.1,17
DB00604_docking_min1.mol2,-7,17
DB11943_docking_min1.mol2,-7,17
DB01030_docking_min1.mol2,-6.7,17
DB09047_docking_min1.mol2,-6.7,17
DB09101_docking_min1.mol2,-6.7,17
DB01137_docking_min1.mol2,-6.5,17
DB01165_docking_min1.mol2,-6.5,17
DB01208_docking_min1.mol2,-6.4,17
DB00365_docking_min1.mol2,-6.2,17
DB06771_docking_min1.mol2,-6.2,17
DB00218_docking_min1.mol2,-6.1,17
DB00537_docking_min1.mol2,-6.1,17
DB00716_docking_min1.mol2,-6.1,17
DB01044_docking_min1.mol2,-5.9,17
DB04576_docking_min1.mol2,-5.9,17
DB00249_docking_min1.mol2,-5.7,17
DB00691_docking_min1.mol2,-5.2,17
DB11799_docking_min1.mol2,-8.7,18
DB01166_docking_min1.mol2,-8.6,18
DB09143_docking_min1.mol2,-8.4,18
DB00243_docking_min1.mol2,-8.3,18
DB00640_docking_min1.mol2,-8.2,18
DB08910_docking_min1.mol2,-8.2,18
DB01162_docking_min1.mol2,-8.1,18
DB00457_docking_min1.mol2,-8,18
DB00820_docking_min1.mol2,-8,18
DB06605_docking_min1.mol2,-8,18
DB01101_docking_min1.mol2,-7.9,18
DB00590_docking_min1.mol2,-7.8,18
DB01004_docking_min1.mol2,-7.8,18
DB01157_docking_min1.mol2,-7.8,18
DB06207_docking_min1.mol2,-7.8,18
DB09053_docking_min1.mol2,-7.8,18
DB09073_docking_min1.mol2,-7.8,18
DB00987_docking_min1.mol2,-7.7,18
DB12483_docking_min1.mol2,-7.7,18
DB01482_docking_min1.mol2,-7.6,18
DB04335_docking_min1.mol2,-7.5,18
DB06480_docking_min1.mol2,-7.5,18
DB01262_docking_min1.mol2,-7.4,18
DB06237_docking_min1.mol2,-7.4,18
DB00242_docking_min1.mol2,-7.3,18
DB00346_docking_min1.mol2,-7.3,18
DB00360_docking_min1.mol2,-7.3,18
DB00649_docking_min1.mol2,-7.2,18
DB00824_docking_min1.mol2,-7.2,18
DB00787_docking_min1.mol2,-6.9,18
DB00900_docking_min1.mol2,-6.9,18
DB08916_docking_min1.mol2,-6.9,18
DB00943_docking_min1.mol2,-6.8,18
DB00277_docking_min1.mol2,-6.7,18
DB00299_docking_min1.mol2,-6.7,18
DB00552_docking_min1.mol2,-6.7,18
DB11730_docking_min1.mol2,-6.7,18
DB13421_docking_min1.mol2,-6.7,18
DB08882_docking_min1.mol2,-6.6,18
DB00709_docking_min1.mol2,-6.5,18
DB01412_docking_min1.mol2,-6.5,18
DB09330_docking_min1.mol2,-6.5,18
DB00317_docking_min1.mol2,-6.4,18
DB00442_docking_min1.mol2,-6.3,18
DB00194_docking_min1.mol2,-6.2,18
DB09092_docking_min1.mol2,-5.9,18
DB00631_docking_min1.mol2,-5.8,18
DB09144_docking_min1.mol2,-5.8,18
DB01073_docking_min1.mol2,-5.7,18
DB01265_docking_min1.mol2,-5.6,18
DB00441_docking_min1.mol2,-5.4,18
DB00651_docking_min1.mol2,-5.3,18
DB12598_docking_min1.mol2,-8.7,19
DB00738_docking_min1.mol2,-7.1,19
DB00564_docking_min1.mol2,-8.6,20
DB00776_docking_min1.mol2,-8.6,20
DB09119_docking_min1.mol2,-7,20
DB00601_docking_min1.mol2,-8.6,21
DB09256_docking_min1.mol2,-6.9,21
DB00879_docking_min1.mol2,-5.1,21
DB04861_docking_min1.mol2,-8.6,22
DB13164_docking_min1.mol2,-8.6,23
DB00412_docking_min1.mol2,-8.5,23
DB09128_docking_min1.mol2,-7.6,23
DB11699_docking_min1.mol2,-6.2,23
DB14061_docking_min1.mol2,-5.3,23
DB13872_docking_min1.mol2,-8.6,24
DB00801_docking_min1.mol2,-7.9,24
DB14028_docking_min1.mol2,-7.3,24
DB00231_docking_min1.mol2,-7,24
DB01489_docking_min1.mol2,-6.7,24
DB09003_docking_min1.mol2,-6.6,24
DB00186_docking_min1.mol2,-6.4,24
DB00829_docking_min1.mol2,-6.4,24
DB00842_docking_min1.mol2,-6.4,24
DB01558_docking_min1.mol2,-6.4,24
DB01594_docking_min1.mol2,-6.4,24
DB00349_docking_min1.mol2,-6.3,24
DB01545_docking_min1.mol2,-6.3,24
DB01553_docking_min1.mol2,-6.3,24
DB01567_docking_min1.mol2,-6.3,24
DB00628_docking_min1.mol2,-6.1,24
DB01511_docking_min1.mol2,-6.1,24
DB08968_docking_min1.mol2,-6.1,24
DB01588_docking_min1.mol2,-5.9,24
DB05015_docking_min1.mol2,-8.5,25
DB01144_docking_min1.mol2,-7.7,25
DB00414_docking_min1.mol2,-7.3,25
DB00250_docking_min1.mol2,-7.2,25
DB00839_docking_min1.mol2,-7,25
DB09355_docking_min1.mol2,-7,25
DB00634_docking_min1.mol2,-6.8,25
DB00672_docking_min1.mol2,-6.7,25
DB00308_docking_min1.mol2,-6.5,25
DB00489_docking_min1.mol2,-6.5,25
DB00259_docking_min1.mol2,-6.4,25
DB00819_docking_min1.mol2,-6.2,25
DB01124_docking_min1.mol2,-6.1,25
DB06795_docking_min1.mol2,-5.9,25
DB09080_docking_min1.mol2,-8.5,26
DB11793_docking_min1.mol2,-8.5,27
DB00953_docking_min1.mol2,-6.8,27
DB06155_docking_min1.mol2,-6.7,27
DB00889_docking_min1.mol2,-6.3,27
DB00481_docking_min1.mol2,-8.4,28
DB06249_docking_min1.mol2,-7.5,28
DB11490_docking_min1.mol2,-7.4,28
DB00688_docking_min1.mol2,-7,28
DB00827_docking_min1.mol2,-6.7,28
DB00844_docking_min1.mol2,-6.7,28
DB09209_docking_min1.mol2,-6.7,28
DB00327_docking_min1.mol2,-6.6,28
DB06800_docking_min1.mol2,-6.6,28
DB00318_docking_min1.mol2,-6.5,28
DB00704_docking_min1.mol2,-6.5,28
DB01466_docking_min1.mol2,-6.5,28
DB00295_docking_min1.mol2,-6.4,28
DB01183_docking_min1.mol2,-6.4,28
DB01192_docking_min1.mol2,-6.4,28
DB08897_docking_min1.mol2,-6.3,28
DB01551_docking_min1.mol2,-6.2,28
DB06230_docking_min1.mol2,-6.2,28
DB09300_docking_min1.mol2,-6.2,28
DB00497_docking_min1.mol2,-6.1,28
DB00921_docking_min1.mol2,-6.1,28
DB11315_docking_min1.mol2,-6,28
DB00674_docking_min1.mol2,-5.9,28
DB01409_docking_min1.mol2,-5.9,28
DB00747_docking_min1.mol2,-5.8,28
DB01393_docking_min1.mol2,-8.4,29
DB01411_docking_min1.mol2,-8.4,30
DB05154_docking_min1.mol2,-8.4,31
DB08828_docking_min1.mol2,-8.4,32
DB01628_docking_min1.mol2,-7.7,32
DB08974_docking_min1.mol2,-8.4,33
DB00643_docking_min1.mol2,-8.1,33
DB00518_docking_min1.mol2,-6.1,33
DB00448_docking_min1.mol2,-8.3,34
DB00213_docking_min1.mol2,-7.7,34
DB00338_docking_min1.mol2,-7.1,34
DB05351_docking_min1.mol2,-6.8,34
DB00736_docking_min1.mol2,-6.7,34
DB01129_docking_min1.mol2,-6.1,34
DB01128_docking_min1.mol2,-8.3,35
DB01145_docking_min1.mol2,-8.3,36
DB00973_docking_min1.mol2,-8.2,37
DB06212_docking_min1.mol2,-7.5,37
DB12364_docking_min1.mol2,-7.3,37
DB00328_docking_min1.mol2,-6.8,37
DB06603_docking_min1.mol2,-8.2,38
DB08439_docking_min1.mol2,-8.2,39
DB06288_docking_min1.mol2,-6.8,39
DB06268_docking_min1.mol2,-6.6,39
DB14033_docking_min1.mol2,-6.6,39
DB00580_docking_min1.mol2,-6.4,39
DB00703_docking_min1.mol2,-5.8,39
DB08907_docking_min1.mol2,-8.2,40
DB11827_docking_min1.mol2,-7,40
DB09280_docking_min1.mol2,-8.2,41
DB12401_docking_min1.mol2,-8.2,42
DB00502_docking_min1.mol2,-7.6,42
DB01106_docking_min1.mol2,-7.3,42
DB00836_docking_min1.mol2,-6.8,42
DB00678_docking_min1.mol2,-8.1,43
DB00196_docking_min1.mol2,-7.8,43
DB11633_docking_min1.mol2,-7.5,43
DB06201_docking_min1.mol2,-7.2,43
DB09040_docking_min1.mol2,-5.7,43
DB00582_docking_min1.mol2,-5.6,43
DB00757_docking_min1.mol2,-8.1,44
DB00465_docking_min1.mol2,-7.6,44
DB01618_docking_min1.mol2,-6.1,44
DB11915_docking_min1.mol2,-5.5,44
DB00799_docking_min1.mol2,-8.1,45
DB00885_docking_min1.mol2,-8.1,46
DB01029_docking_min1.mol2,-7.3,46
DB00437_docking_min1.mol2,-6.3,46
DB01425_docking_min1.mol2,-5.7,46
DB01048_docking_min1.mol2,-8.1,47
DB00724_docking_min1.mol2,-7.4,47
DB00751_docking_min1.mol2,-7.2,47
DB09244_docking_min1.mol2,-6.2,47
DB08799_docking_min1.mol2,-6.1,47
DB00334_docking_min1.mol2,-5.9,47
DB01186_docking_min1.mol2,-5.5,47
DB04946_docking_min1.mol2,-8.1,48
DB06210_docking_min1.mol2,-8.1,49
DB01609_docking_min1.mol2,-7.4,49
DB01435_docking_min1.mol2,-6.3,49
DB00812_docking_min1.mol2,-6,49
DB03585_docking_min1.mol2,-5.9,49
DB06414_docking_min1.mol2,-8.1,50
DB06816_docking_min1.mol2,-8.1,51
DB11263_docking_min1.mol2,-8.1,52
DB12945_docking_min1.mol2,-8.1,53
DB12954_docking_min1.mol2,-8.1,54
DB00260_docking_min1.mol2,-4.7,54
DB01097_docking_min1.mol2,-8,55
DB06401_docking_min1.mol2,-8,56
DB01136_docking_min1.mol2,-7.8,56
DB06202_docking_min1.mol2,-7.5,56
DB06217_docking_min1.mol2,-6.9,56
DB00908_docking_min1.mol2,-6.2,56
DB00468_docking_min1.mol2,-6.1,56
DB06814_docking_min1.mol2,-8,57
DB07776_docking_min1.mol2,-8,58
DB08954_docking_min1.mol2,-8,59
DB00714_docking_min1.mol2,-6.8,59
DB00504_docking_min1.mol2,-6.5,59
DB00611_docking_min1.mol2,-6.1,59
DB00652_docking_min1.mol2,-6.1,59
DB06738_docking_min1.mol2,-6.1,59
DB00854_docking_min1.mol2,-6,59
DB08979_docking_min1.mol2,-8,60
DB09096_docking_min1.mol2,-8,61
DB11672_docking_min1.mol2,-8,62
DB00459_docking_min1.mol2,-7.3,62
DB00179_docking_min1.mol2,-7.2,62
DB08814_docking_min1.mol2,-7.1,62
DB00654_docking_min1.mol2,-7,62
DB11221_docking_min1.mol2,-7,62
DB11217_docking_min1.mol2,-6.7,62
DB00945_docking_min1.mol2,-6.3,62
DB00874_docking_min1.mol2,-6.1,62
DB01399_docking_min1.mol2,-6.1,62
DB09543_docking_min1.mol2,-5.7,62
DB00936_docking_min1.mol2,-5.6,62
DB11359_docking_min1.mol2,-5,62
DB11299_docking_min1.mol2,-4.7,62
DB11323_docking_min1.mol2,-4.7,62
DB14086_docking_min1.mol2,-8,63
DB01094_docking_min1.mol2,-7.9,63
DB00266_docking_min1.mol2,-7.8,63
DB00693_docking_min1.mol2,-7.4,63
DB04816_docking_min1.mol2,-7.2,63
DB00486_docking_min1.mol2,-6.8,63
DB11157_docking_min1.mol2,-6.7,63
DB12007_docking_min1.mol2,-6.4,63
DB00227_docking_min1.mol2,-6.3,63
DB00682_docking_min1.mol2,-6.2,63
DB01179_docking_min1.mol2,-6,63
DB00222_docking_min1.mol2,-7.9,64
DB01120_docking_min1.mol2,-7.9,64
DB01070_docking_min1.mol2,-7.9,65
DB00153_docking_min1.mol2,-7.3,65
DB13954_docking_min1.mol2,-7.1,65
DB00621_docking_min1.mol2,-7,65
DB00655_docking_min1.mol2,-6.8,65
DB01185_docking_min1.mol2,-6.8,65
DB02187_docking_min1.mol2,-6.8,65
DB13956_docking_min1.mol2,-6.8,65
DB00858_docking_min1.mol2,-6.7,65
DB00169_docking_min1.mol2,-6.6,65
DB09070_docking_min1.mol2,-6.6,65
DB06710_docking_min1.mol2,-6.5,65
DB13952_docking_min1.mol2,-6.5,65
DB00783_docking_min1.mol2,-6.3,65
DB01708_docking_min1.mol2,-6.3,65
DB00717_docking_min1.mol2,-6,65
DB12474_docking_min1.mol2,-6,65
DB04942_docking_min1.mol2,-7.9,66
DB06654_docking_min1.mol2,-7.9,67
DB00342_docking_min1.mol2,-7.8,68
DB01231_docking_min1.mol2,-6.9,68
DB00942_docking_min1.mol2,-6.8,68
DB00810_docking_min1.mol2,-6.5,68
DB01501_docking_min1.mol2,-6.2,68
DB09076_docking_min1.mol2,-6.1,68
DB00376_docking_min1.mol2,-5.9,68
DB00387_docking_min1.mol2,-5.7,68
DB06787_docking_min1.mol2,-5.6,68
DB00665_docking_min1.mol2,-7.8,69
DB01219_docking_min1.mol2,-7.6,69
DB00336_docking_min1.mol2,-6.5,69
DB00614_docking_min1.mol2,-6.4,69
DB00698_docking_min1.mol2,-6.4,69
DB00507_docking_min1.mol2,-5.7,69
DB00731_docking_min1.mol2,-7.8,70
DB06823_docking_min1.mol2,-4.6,70
DB00861_docking_min1.mol2,-7.8,71
DB01025_docking_min1.mol2,-7.8,72
DB00779_docking_min1.mol2,-6.9,72
DB01392_docking_min1.mol2,-6.7,72
DB00912_docking_min1.mol2,-6.5,72
DB12924_docking_min1.mol2,-6.4,72
DB00817_docking_min1.mol2,-6.2,72
DB01155_docking_min1.mol2,-6,72
DB01148_docking_min1.mol2,-7.8,73
DB01685_docking_min1.mol2,-7.8,74
DB08877_docking_min1.mol2,-7.3,74
DB05016_docking_min1.mol2,-7.8,75
DB06803_docking_min1.mol2,-7.8,76
DB01418_docking_min1.mol2,-7.4,76
DB00323_docking_min1.mol2,-6.2,76
DB00494_docking_min1.mol2,-5.2,76
DB09319_docking_min1.mol2,-7.8,77
DB01140_docking_min1.mol2,-7.4,77
DB01147_docking_min1.mol2,-7.2,77
DB01150_docking_min1.mol2,-7.2,77
DB00713_docking_min1.mol2,-7.1,77
DB01604_docking_min1.mol2,-6.7,77
DB11364_docking_min1.mol2,-6.7,77
DB00485_docking_min1.mol2,-6.6,77
DB01333_docking_min1.mol2,-6.5,77
DB01602_docking_min1.mol2,-6.5,77
DB13337_docking_min1.mol2,-6.5,77
DB00301_docking_min1.mol2,-6.4,77
DB00567_docking_min1.mol2,-6.4,77
DB00578_docking_min1.mol2,-6.4,77
DB00607_docking_min1.mol2,-6.4,77
DB00739_docking_min1.mol2,-6.4,77
DB01139_docking_min1.mol2,-6.4,77
DB00689_docking_min1.mol2,-6.3,77
DB00833_docking_min1.mol2,-6.3,77
DB00760_docking_min1.mol2,-6.2,77
DB01060_docking_min1.mol2,-6.1,77
DB09008_docking_min1.mol2,-6.1,77
DB00415_docking_min1.mol2,-6,77
DB00417_docking_min1.mol2,-6,77
DB01000_docking_min1.mol2,-6,77
DB01053_docking_min1.mol2,-6,77
DB01348_docking_min1.mol2,-5.9,77
DB01603_docking_min1.mol2,-5.9,77
DB00456_docking_min1.mol2,-5.8,77
DB01607_docking_min1.mol2,-5.6,77
DB12343_docking_min1.mol2,-5.5,77
DB01414_docking_min1.mol2,-5.4,77
DB09495_docking_min1.mol2,-7.8,78
DB11591_docking_min1.mol2,-7.8,79
DB06769_docking_min1.mol2,-5.9,79
DB11901_docking_min1.mol2,-7.8,80
DB08899_docking_min1.mol2,-6.9,80
DB12492_docking_min1.mol2,-7.8,81
DB00806_docking_min1.mol2,-7.7,82
DB13842_docking_min1.mol2,-6.9,82
DB00201_docking_min1.mol2,-6.5,82
DB09273_docking_min1.mol2,-5.4,82
DB00922_docking_min1.mol2,-7.7,83
DB00983_docking_min1.mol2,-7.7,84
DB00598_docking_min1.mol2,-7.6,84
DB01274_docking_min1.mol2,-7.1,84
DB00662_docking_min1.mol2,-7,84
DB00335_docking_min1.mol2,-6.9,84
DB11102_docking_min1.mol2,-6.9,84
DB00211_docking_min1.mol2,-6.8,84
DB01297_docking_min1.mol2,-6.8,84
DB00423_docking_min1.mol2,-6.7,84
DB01193_docking_min1.mol2,-6.6,84
DB08797_docking_min1.mol2,-5.7,84
DB01252_docking_min1.mol2,-7.7,85
DB00881_docking_min1.mol2,-7.5,85
DB09477_docking_min1.mol2,-7.3,85
DB00178_docking_min1.mol2,-6.5,85
DB00584_docking_min1.mol2,-6.5,85
DB01041_docking_min1.mol2,-6.3,85
DB00790_docking_min1.mol2,-5.7,85
DB00542_docking_min1.mol2,-5.6,85
DB00722_docking_min1.mol2,-5.6,85
DB00519_docking_min1.mol2,-5.4,85
DB01197_docking_min1.mol2,-5.3,85
DB01288_docking_min1.mol2,-7.7,86
DB01102_docking_min1.mol2,-7.5,86
DB01182_docking_min1.mol2,-7.5,86
DB01235_docking_min1.mol2,-7.3,86
DB00867_docking_min1.mol2,-7.2,86
DB00841_docking_min1.mol2,-7.1,86
DB00968_docking_min1.mol2,-7.1,86
DB08941_docking_min1.mol2,-7.1,86
DB00871_docking_min1.mol2,-7,86
DB06152_docking_min1.mol2,-6.9,86
DB00938_docking_min1.mol2,-6.8,86
DB00187_docking_min1.mol2,-6.7,86
DB00765_docking_min1.mol2,-6.7,86
DB01295_docking_min1.mol2,-6.7,86
DB06262_docking_min1.mol2,-6.7,86
DB00135_docking_min1.mol2,-6.6,86
DB00816_docking_min1.mol2,-6.6,86
DB01001_docking_min1.mol2,-6.6,86
DB01064_docking_min1.mol2,-6.6,86
DB01214_docking_min1.mol2,-6.6,86
DB01359_docking_min1.mol2,-6.6,86
DB06774_docking_min1.mol2,-6.6,86
DB00612_docking_min1.mol2,-6.5,86
DB00668_docking_min1.mol2,-6.5,86
DB06707_docking_min1.mol2,-6.5,86
DB09120_docking_min1.mol2,-6.5,86
DB13583_docking_min1.mol2,-6.3,86
DB00264_docking_min1.mol2,-6.2,86
DB00610_docking_min1.mol2,-6.2,86
DB01203_docking_min1.mol2,-6.2,86
DB12313_docking_min1.mol2,-6.2,86
DB00221_docking_min1.mol2,-6.1,86
DB00368_docking_min1.mol2,-6.1,86
DB00723_docking_min1.mol2,-6,86
DB11610_docking_min1.mol2,-6,86
DB00195_docking_min1.mol2,-5.9,86
DB00388_docking_min1.mol2,-5.9,86
DB00988_docking_min1.mol2,-5.9,86
DB11268_docking_min1.mol2,-5.9,86
DB09351_docking_min1.mol2,-5.8,86
DB00449_docking_min1.mol2,-5.6,86
DB13139_docking_min1.mol2,-5.6,86
DB00866_docking_min1.mol2,-5,86
DB01580_docking_min1.mol2,-5,86
DB04552_docking_min1.mol2,-7.7,87
DB09285_docking_min1.mol2,-7.3,87
DB09295_docking_min1.mol2,-6.4,87
DB04794_docking_min1.mol2,-7.7,88
DB01006_docking_min1.mol2,-6.3,88
DB05316_docking_min1.mol2,-7.7,89
DB01228_docking_min1.mol2,-7.3,89
DB04951_docking_min1.mol2,-6.5,89
DB00527_docking_min1.mol2,-6.4,89
DB01002_docking_min1.mol2,-5.3,89
DB00296_docking_min1.mol2,-5.2,89
DB00961_docking_min1.mol2,-5.2,89
DB00297_docking_min1.mol2,-5.1,89
DB06802_docking_min1.mol2,-7.7,90
DB06807_docking_min1.mol2,-7.7,91
DB01250_docking_min1.mol2,-7.3,91
DB07615_docking_min1.mol2,-7.3,91
DB00784_docking_min1.mol2,-6.9,91
DB09342_docking_min1.mol2,-6.9,91
DB00233_docking_min1.mol2,-6.1,91
DB00244_docking_min1.mol2,-6.1,91
DB11269_docking_min1.mol2,-6,91
DB11096_docking_min1.mol2,-5.9,91
DB08893_docking_min1.mol2,-7.7,92
DB09083_docking_min1.mol2,-7.7,93
DB00956_docking_min1.mol2,-7.3,93
DB04844_docking_min1.mol2,-5.8,93
DB11115_docking_min1.mol2,-7.7,94
DB11737_docking_min1.mol2,-7.7,95
DB00579_docking_min1.mol2,-7.6,96
DB00963_docking_min1.mol2,-7.6,97
DB06736_docking_min1.mol2,-6.5,97
DB09216_docking_min1.mol2,-6.4,97
DB08984_docking_min1.mol2,-6.1,97
DB09218_docking_min1.mol2,-6.1,97
DB01283_docking_min1.mol2,-6,97
DB00586_docking_min1.mol2,-5.9,97
DB00939_docking_min1.mol2,-5.9,97
DB01438_docking_min1.mol2,-7.6,98
DB00384_docking_min1.mol2,-7.5,98
DB00484_docking_min1.mol2,-7.2,98
DB00555_docking_min1.mol2,-7.1,98
DB08864_docking_min1.mol2,-6.5,98
DB00205_docking_min1.mol2,-6.3,98
DB06594_docking_min1.mol2,-7.6,99
DB06623_docking_min1.mol2,-7.6,100
DB04953_docking_min1.mol2,-7.4,100
DB08865_docking_min1.mol2,-7.6,101
DB08981_docking_min1.mol2,-7.6,102
DB01009_docking_min1.mol2,-7.1,102
DB09214_docking_min1.mol2,-6,102
DB09212_docking_min1.mol2,-7.6,103
DB00190_docking_min1.mol2,-7.5,104
DB00283_docking_min1.mol2,-7.5,105
DB00539_docking_min1.mol2,-6.6,105
DB09002_docking_min1.mol2,-6.6,105
DB00366_docking_min1.mol2,-5.9,105
DB00405_docking_min1.mol2,-5.7,105
DB00748_docking_min1.mol2,-5.7,105
DB01114_docking_min1.mol2,-5.7,105
DB01237_docking_min1.mol2,-5.7,105
DB08800_docking_min1.mol2,-5.7,105
DB00835_docking_min1.mol2,-5.6,105
DB01620_docking_min1.mol2,-5.4,105
DB01173_docking_min1.mol2,-5.3,105
DB01075_docking_min1.mol2,-5.1,105
DB00378_docking_min1.mol2,-7.5,106
DB01395_docking_min1.mol2,-7.5,106
DB04839_docking_min1.mol2,-6.9,106
DB00823_docking_min1.mol2,-6.8,106
DB00990_docking_min1.mol2,-6.8,106
DB13946_docking_min1.mol2,-6.8,106
DB09124_docking_min1.mol2,-6.6,106
DB13857_docking_min1.mol2,-6.6,106
DB13943_docking_min1.mol2,-6.6,106
DB00351_docking_min1.mol2,-6.5,106
DB00894_docking_min1.mol2,-6.5,106
DB11219_docking_min1.mol2,-6.5,106
DB00421_docking_min1.mol2,-6.4,106
DB00984_docking_min1.mol2,-6.3,106
DB13981_docking_min1.mol2,-6.3,106
DB00396_docking_min1.mol2,-6.2,106
DB00603_docking_min1.mol2,-6.2,106
DB13944_docking_min1.mol2,-6.2,106
DB06789_docking_min1.mol2,-6.1,106
DB01420_docking_min1.mol2,-6,106
DB06780_docking_min1.mol2,-5.9,106
DB08804_docking_min1.mol2,-5.6,106
DB14156_docking_min1.mol2,-5.6,106
DB01744_docking_min1.mol2,-5.1,106
DB01022_docking_min1.mol2,-5,106
DB00700_docking_min1.mol2,-7.5,107
DB13063_docking_min1.mol2,-6.3,107
DB00805_docking_min1.mol2,-7.5,108
DB00882_docking_min1.mol2,-7.5,109
DB00914_docking_min1.mol2,-7.5,110
DB00217_docking_min1.mol2,-6,110
DB00331_docking_min1.mol2,-5.6,110
DB13100_docking_min1.mol2,-5.3,110
DB00536_docking_min1.mol2,-3.7,110
DB00917_docking_min1.mol2,-7.5,111
DB01240_docking_min1.mol2,-6.4,111
DB09211_docking_min1.mol2,-6.3,111
DB01024_docking_min1.mol2,-5.8,111
DB00126_docking_min1.mol2,-5.7,111
DB00770_docking_min1.mol2,-5.5,111
DB09401_docking_min1.mol2,-5.4,111
DB01095_docking_min1.mol2,-7.5,112
DB00439_docking_min1.mol2,-6.7,112
DB08860_docking_min1.mol2,-6.5,112
DB01125_docking_min1.mol2,-7.5,113
DB13136_docking_min1.mol2,-6.2,113
DB00498_docking_min1.mol2,-6,113
DB01210_docking_min1.mol2,-7.5,114
DB00571_docking_min1.mol2,-7.4,114
DB08807_docking_min1.mol2,-6.7,114
DB08808_docking_min1.mol2,-6.5,114
DB00521_docking_min1.mol2,-5.3,114
DB01221_docking_min1.mol2,-7.5,115
DB01156_docking_min1.mol2,-5.8,115
DB11823_docking_min1.mol2,-5.1,115
DB04930_docking_min1.mol2,-7.5,116
DB11614_docking_min1.mol2,-7.5,117
DB00455_docking_min1.mol2,-6.5,117
DB00699_docking_min1.mol2,-7.4,118
DB01039_docking_min1.mol2,-7.4,119
DB00636_docking_min1.mol2,-5.2,119
DB01275_docking_min1.mol2,-7.4,120
DB04840_docking_min1.mol2,-7.4,121
DB08970_docking_min1.mol2,-7.4,122
DB11622_docking_min1.mol2,-7.4,122
DB00591_docking_min1.mol2,-7.3,122
DB04038_docking_min1.mol2,-7,122
DB06739_docking_min1.mol2,-7,122
DB00180_docking_min1.mol2,-6.9,122
DB00294_docking_min1.mol2,-6.9,122
DB02300_docking_min1.mol2,-6.9,122
DB00146_docking_min1.mol2,-6.8,122
DB01130_docking_min1.mol2,-6.8,122
DB01260_docking_min1.mol2,-6.8,122
DB01384_docking_min1.mol2,-6.8,122
DB05990_docking_min1.mol2,-6.8,122
DB06410_docking_min1.mol2,-6.8,122
DB03619_docking_min1.mol2,-6.7,122
DB08971_docking_min1.mol2,-6.7,122
DB11636_docking_min1.mol2,-6.7,122
DB00240_docking_min1.mol2,-6.6,122
DB09095_docking_min1.mol2,-6.6,122
DB09123_docking_min1.mol2,-6.6,122
DB11619_docking_min1.mol2,-6.6,122
DB12952_docking_min1.mol2,-6.6,122
DB00136_docking_min1.mol2,-6.5,122
DB00223_docking_min1.mol2,-6.5,122
DB00324_docking_min1.mol2,-6.5,122
DB00443_docking_min1.mol2,-6.5,122
DB00663_docking_min1.mol2,-6.5,122
DB00741_docking_min1.mol2,-6.5,122
DB00769_docking_min1.mol2,-6.5,122
DB00860_docking_min1.mol2,-6.5,122
DB02659_docking_min1.mol2,-6.5,122
DB06412_docking_min1.mol2,-6.5,122
DB06777_docking_min1.mol2,-6.5,122
DB08905_docking_min1.mol2,-6.5,122
DB09371_docking_min1.mol2,-6.5,122
DB09389_docking_min1.mol2,-6.5,122
DB00838_docking_min1.mol2,-6.4,122
DB01234_docking_min1.mol2,-6.4,122
DB06730_docking_min1.mol2,-6.4,122
DB09378_docking_min1.mol2,-6.4,122
DB09383_docking_min1.mol2,-6.4,122
DB13867_docking_min1.mol2,-6.4,122
DB00253_docking_min1.mol2,-6.3,122
DB00367_docking_min1.mol2,-6.3,122
DB00596_docking_min1.mol2,-6.3,122
DB00635_docking_min1.mol2,-6.3,122
DB00641_docking_min1.mol2,-6.3,122
DB00873_docking_min1.mol2,-6.3,122
DB01088_docking_min1.mol2,-6.3,122
DB00304_docking_min1.mol2,-6.2,122
DB00547_docking_min1.mol2,-6.2,122
DB00620_docking_min1.mol2,-6.2,122
DB00624_docking_min1.mol2,-6.2,122
DB00687_docking_min1.mol2,-6.2,122
DB00896_docking_min1.mol2,-6.2,122
DB01380_docking_min1.mol2,-6.2,122
DB01431_docking_min1.mol2,-6.2,122
DB01586_docking_min1.mol2,-6.2,122
DB09091_docking_min1.mol2,-6.2,122
DB00764_docking_min1.mol2,-6.1,122
DB00910_docking_min1.mol2,-6.1,122
DB02789_docking_min1.mol2,-6.1,122
DB00959_docking_min1.mol2,-6,122
DB01436_docking_min1.mol2,-6,122
DB06272_docking_min1.mol2,-6,122
DB09015_docking_min1.mol2,-6,122
DB01222_docking_min1.mol2,-5.9,122
DB00175_docking_min1.mol2,-5.8,122
DB04540_docking_min1.mol2,-5.5,122
DB13873_docking_min1.mol2,-7.4,123
DB01047_docking_min1.mol2,-7,123
DB06786_docking_min1.mol2,-6.7,123
DB08973_docking_min1.mol2,-6.7,123
DB01013_docking_min1.mol2,-6.4,123
DB13158_docking_min1.mol2,-6.3,123
DB11750_docking_min1.mol2,-6.2,123
DB00307_docking_min1.mol2,-7.3,124
DB00350_docking_min1.mol2,-7.3,125
DB00406_docking_min1.mol2,-7.3,126
DB01018_docking_min1.mol2,-7.3,127
DB04841_docking_min1.mol2,-7.3,128
DB00354_docking_min1.mol2,-7.2,128
DB00737_docking_min1.mol2,-7.1,128
DB00568_docking_min1.mol2,-7,128
DB00427_docking_min1.mol2,-6.5,128
DB04876_docking_min1.mol2,-7.3,129
DB01426_docking_min1.mol2,-6.7,129
DB06335_docking_min1.mol2,-5.9,129
DB05294_docking_min1.mol2,-7.3,130
DB01103_docking_min1.mol2,-6.3,130
DB00613_docking_min1.mol2,-6.1,130
DB00530_docking_min1.mol2,-5.9,130
DB06274_docking_min1.mol2,-7.3,131
DB08806_docking_min1.mol2,-6.8,131
DB06626_docking_min1.mol2,-7.3,132
DB08803_docking_min1.mol2,-7.3,133
DB04948_docking_min1.mol2,-6.8,133
DB00935_docking_min1.mol2,-5.5,133
DB09012_docking_min1.mol2,-7.3,134
DB09017_docking_min1.mol2,-7.3,135
DB00897_docking_min1.mol2,-7,135
DB00404_docking_min1.mol2,-6.9,135
DB00683_docking_min1.mol2,-6.6,135
DB01215_docking_min1.mol2,-6.6,135
DB00363_docking_min1.mol2,-6.3,135
DB09166_docking_min1.mol2,-6.2,135
DB00546_docking_min1.mol2,-5.9,135
DB09020_docking_min1.mol2,-7.3,136
DB09223_docking_min1.mol2,-7.3,137
DB00719_docking_min1.mol2,-7,137
DB00792_docking_min1.mol2,-7,137
DB09304_docking_min1.mol2,-6.7,137
DB00370_docking_min1.mol2,-6.2,137
DB06766_docking_min1.mol2,-6.2,137
DB00408_docking_min1.mol2,-6.1,137
DB08936_docking_min1.mol2,-5.9,137
DB01176_docking_min1.mol2,-5.6,137
DB11155_docking_min1.mol2,-7.3,138
DB11644_docking_min1.mol2,-7.3,139
DB00991_docking_min1.mol2,-7.2,139
DB12332_docking_min1.mol2,-7.3,140
DB00204_docking_min1.mol2,-7.2,141
DB00775_docking_min1.mol2,-6.9,141
DB04743_docking_min1.mol2,-6.3,141
DB00275_docking_min1.mol2,-7.2,142
DB00177_docking_min1.mol2,-6,142
DB00357_docking_min1.mol2,-7.2,143
DB01216_docking_min1.mol2,-7,143
DB01107_docking_min1.mol2,-5.7,143
DB01437_docking_min1.mol2,-5.7,143
DB00593_docking_min1.mol2,-5.3,143
DB00525_docking_min1.mol2,-7.2,144
DB00660_docking_min1.mol2,-7.2,145
DB00845_docking_min1.mol2,-7.2,146
DB00962_docking_min1.mol2,-7.2,147
DB01247_docking_min1.mol2,-7.2,148
DB04571_docking_min1.mol2,-7.2,149
DB00553_docking_min1.mol2,-7,149
DB08819_docking_min1.mol2,-7.2,150
DB08867_docking_min1.mol2,-7.2,151
DB00834_docking_min1.mol2,-6.8,151
DB09038_docking_min1.mol2,-7.2,152
DB09082_docking_min1.mol2,-6.9,152
DB00800_docking_min1.mol2,-6.5,152
DB06292_docking_min1.mol2,-6.4,152
DB11336_docking_min1.mol2,-7.2,153
DB11363_docking_min1.mol2,-7.2,154
DB00383_docking_min1.mol2,-7.1,155
DB00587_docking_min1.mol2,-7.1,156
DB00676_docking_min1.mol2,-7.1,157
DB00712_docking_min1.mol2,-7.1,158
DB00837_docking_min1.mol2,-7.1,159
DB00913_docking_min1.mol2,-7.1,160
DB01046_docking_min1.mol2,-7.1,161
DB01121_docking_min1.mol2,-7.1,162
DB01406_docking_min1.mol2,-7.1,163
DB05265_docking_min1.mol2,-7.1,164
DB04574_docking_min1.mol2,-6.9,164
DB11185_docking_min1.mol2,-6.2,164
DB06764_docking_min1.mol2,-7.1,165
DB01273_docking_min1.mol2,-7,165
DB00730_docking_min1.mol2,-6.4,165
DB00797_docking_min1.mol2,-6.1,165
DB06711_docking_min1.mol2,-5.9,165
DB09056_docking_min1.mol2,-7.1,166
DB09064_docking_min1.mol2,-7.1,167
DB09151_docking_min1.mol2,-7.1,168
DB00740_docking_min1.mol2,-5.3,168
DB11989_docking_min1.mol2,-7.1,169
DB12834_docking_min1.mol2,-6.3,169
DB00916_docking_min1.mol2,-5.9,169
DB00993_docking_min1.mol2,-5.5,169
DB13805_docking_min1.mol2,-7.1,170
DB11100_docking_min1.mol2,-6.5,170
DB00312_docking_min1.mol2,-6.4,170
DB01354_docking_min1.mol2,-6,170
DB01355_docking_min1.mol2,-6,170
DB00794_docking_min1.mol2,-5.9,170
DB01174_docking_min1.mol2,-5.9,170
DB00474_docking_min1.mol2,-5.5,170
DB00418_docking_min1.mol2,-5.4,170
DB00241_docking_min1.mol2,-5.3,170
DB01351_docking_min1.mol2,-5.2,170
DB01353_docking_min1.mol2,-5.2,170
DB00237_docking_min1.mol2,-5.1,170
DB00306_docking_min1.mol2,-5.1,170
DB00544_docking_min1.mol2,-5,170
DB01154_docking_min1.mol2,-5,170
DB01352_docking_min1.mol2,-5,170
DB00599_docking_min1.mol2,-4.9,170
DB09327_docking_min1.mol2,-4.7,170
DB00209_docking_min1.mol2,-7,171
DB00771_docking_min1.mol2,-6.9,171
DB11181_docking_min1.mol2,-6.7,171
DB04843_docking_min1.mol2,-6.3,171
DB00332_docking_min1.mol2,-5.9,171
DB00424_docking_min1.mol2,-5.9,171
DB00572_docking_min1.mol2,-5.9,171
DB00986_docking_min1.mol2,-5.7,171
DB00239_docking_min1.mol2,-7,172
DB00373_docking_min1.mol2,-7,173
DB00461_docking_min1.mol2,-7,174
DB00473_docking_min1.mol2,-7,175
DB11148_docking_min1.mol2,-6.2,175
DB01086_docking_min1.mol2,-6.1,175
DB00499_docking_min1.mol2,-7,176
DB00982_docking_min1.mol2,-7,177
DB00162_docking_min1.mol2,-6.2,177
DB00755_docking_min1.mol2,-6.2,177
DB00523_docking_min1.mol2,-5.9,177
DB13153_docking_min1.mol2,-4.8,177
DB01056_docking_min1.mol2,-7,178
DB00750_docking_min1.mol2,-6.4,178
DB01035_docking_min1.mol2,-6.2,178
DB08987_docking_min1.mol2,-4.9,178
DB00281_docking_min1.mol2,-4.8,178
DB01110_docking_min1.mol2,-7,179
DB01113_docking_min1.mol2,-7,180
DB01123_docking_min1.mol2,-7,181
DB01591_docking_min1.mol2,-7,182
DB01058_docking_min1.mol2,-6.9,182
DB00377_docking_min1.mol2,-6.8,182
DB00236_docking_min1.mol2,-5.4,182
DB01600_docking_min1.mol2,-7,183
DB00870_docking_min1.mol2,-6.8,183
DB09028_docking_min1.mol2,-7,184
DB00268_docking_min1.mol2,-4.9,184
DB09039_docking_min1.mol2,-7,185
DB09292_docking_min1.mol2,-7,186
DB00150_docking_min1.mol2,-6.9,187
DB00117_docking_min1.mol2,-5.8,187
DB00345_docking_min1.mol2,-6.9,188
DB06775_docking_min1.mol2,-6.4,188
DB00141_docking_min1.mol2,-6,188
DB00155_docking_min1.mol2,-5.8,188
DB12839_docking_min1.mol2,-5.7,188
DB00168_docking_min1.mol2,-5.4,188
DB06151_docking_min1.mol2,-4.8,188
DB00675_docking_min1.mol2,-6.9,189
DB00661_docking_min1.mol2,-6.5,189
DB00925_docking_min1.mol2,-6.1,189
DB11160_docking_min1.mol2,-6.1,189
DB11594_docking_min1.mol2,-5.6,189
DB09205_docking_min1.mol2,-5,189
DB00735_docking_min1.mol2,-6.9,190
DB00857_docking_min1.mol2,-6.2,190
DB01091_docking_min1.mol2,-5.9,190
DB00744_docking_min1.mol2,-6.9,191
DB00766_docking_min1.mol2,-6.9,192
DB01598_docking_min1.mol2,-5,192
DB00832_docking_min1.mol2,-6.9,193
DB05246_docking_min1.mol2,-5.9,193
DB00960_docking_min1.mol2,-6.9,194
DB01117_docking_min1.mol2,-6.9,195
DB01138_docking_min1.mol2,-6.9,196
DB01207_docking_min1.mol2,-6.9,197
DB01217_docking_min1.mol2,-6.9,198
DB01624_docking_min1.mol2,-6.9,199
DB00623_docking_min1.mol2,-6.2,199
DB00875_docking_min1.mol2,-6.1,199
DB01608_docking_min1.mol2,-6.1,199
DB00850_docking_min1.mol2,-5.8,199
DB01063_docking_min1.mol2,-5.7,199
DB02709_docking_min1.mol2,-6.9,200
DB04967_docking_min1.mol2,-6.9,201
DB06218_docking_min1.mol2,-6.9,202
DB08834_docking_min1.mol2,-6.9,203
DB08868_docking_min1.mol2,-6.9,204
DB09118_docking_min1.mol2,-6.9,205
DB09148_docking_min1.mol2,-6.9,206
DB09149_docking_min1.mol2,-6.8,206
DB09488_docking_min1.mol2,-6.9,207
DB00906_docking_min1.mol2,-6.3,207
DB11629_docking_min1.mol2,-6.9,208
DB13783_docking_min1.mol2,-6.9,209
DB00170_docking_min1.mol2,-6.8,210
DB00310_docking_min1.mol2,-6.8,211
DB09289_docking_min1.mol2,-6.6,211
DB00606_docking_min1.mol2,-6.5,211
DB01119_docking_min1.mol2,-6.1,211
DB06725_docking_min1.mol2,-5.9,211
DB00625_docking_min1.mol2,-6.8,212
DB00680_docking_min1.mol2,-6.8,213
DB00821_docking_min1.mol2,-6.8,214
DB00909_docking_min1.mol2,-6.8,215
DB01096_docking_min1.mol2,-6.8,216
DB01422_docking_min1.mol2,-6.7,216
DB01116_docking_min1.mol2,-6.8,217
DB01127_docking_min1.mol2,-6.8,218
DB00639_docking_min1.mol2,-6.6,218
DB01153_docking_min1.mol2,-6.4,218
DB00257_docking_min1.mol2,-6.2,218
DB08943_docking_min1.mol2,-6.2,218
DB01007_docking_min1.mol2,-6.1,218
DB06820_docking_min1.mol2,-6.1,218
DB01291_docking_min1.mol2,-6.8,219
DB00165_docking_min1.mol2,-5.8,219
DB06016_docking_min1.mol2,-6.8,220
DB06742_docking_min1.mol2,-6.8,221
DB08824_docking_min1.mol2,-6.8,222
DB08983_docking_min1.mol2,-6.8,223
DB09224_docking_min1.mol2,-6.8,224
DB06264_docking_min1.mol2,-6.5,224
DB08992_docking_min1.mol2,-6.5,224
DB12728_docking_min1.mol2,-6.2,224
DB11073_docking_min1.mol2,-5.6,224
DB00114_docking_min1.mol2,-6.7,225
DB06716_docking_min1.mol2,-5.4,225
DB00215_docking_min1.mol2,-6.7,226
DB01175_docking_min1.mol2,-6.7,226
DB00605_docking_min1.mol2,-6.7,227
DB00692_docking_min1.mol2,-6.7,228
DB00846_docking_min1.mol2,-6.7,229
DB09081_docking_min1.mol2,-5.5,229
DB00957_docking_min1.mol2,-6.7,230
DB06713_docking_min1.mol2,-6.4,230
DB01611_docking_min1.mol2,-6.7,231
DB00608_docking_min1.mol2,-5.2,231
DB04854_docking_min1.mol2,-6.7,232
DB04871_docking_min1.mol2,-6.7,233
DB05013_docking_min1.mol2,-6.7,234
DB08604_docking_min1.mol2,-6.7,235
DB13167_docking_min1.mol2,-6.1,235
DB00756_docking_min1.mol2,-5.7,235
DB11121_docking_min1.mol2,-5.7,235
DB13269_docking_min1.mol2,-5.4,235
DB13154_docking_min1.mol2,-4.8,235
DB08796_docking_min1.mol2,-6.7,236
DB08880_docking_min1.mol2,-6.7,237
DB09220_docking_min1.mol2,-6.7,238
DB09245_docking_min1.mol2,-6.7,239
DB09286_docking_min1.mol2,-6.7,240
DB12300_docking_min1.mol2,-6.7,241
DB13955_docking_min1.mol2,-6.7,242
DB14002_docking_min1.mol2,-6.5,242
DB00589_docking_min1.mol2,-6.6,243
DB00353_docking_min1.mol2,-6.4,243
DB00247_docking_min1.mol2,-6.3,243
DB01253_docking_min1.mol2,-6.3,243
DB00248_docking_min1.mol2,-6.1,243
DB00814_docking_min1.mol2,-6.6,244
DB00892_docking_min1.mol2,-6.6,245
DB09288_docking_min1.mol2,-6.4,245
DB00807_docking_min1.mol2,-6.1,245
DB01161_docking_min1.mol2,-6.1,245
DB09085_docking_min1.mol2,-6.1,245
DB06702_docking_min1.mol2,-5.7,245
DB00721_docking_min1.mol2,-5.3,245
DB00977_docking_min1.mol2,-6.6,246
DB00163_docking_min1.mol2,-5.1,246
DB01062_docking_min1.mol2,-6.6,247
DB00979_docking_min1.mol2,-6.1,247
DB00219_docking_min1.mol2,-6,247
DB01623_docking_min1.mol2,-6.6,248
DB01622_docking_min1.mol2,-6.1,248
DB08967_docking_min1.mol2,-5.2,248
DB02546_docking_min1.mol2,-6.6,249
DB13346_docking_min1.mol2,-6.5,249
DB00551_docking_min1.mol2,-4,249
DB05812_docking_min1.mol2,-6.6,250
DB09227_docking_min1.mol2,-6.6,251
DB09229_docking_min1.mol2,-6.3,251
DB00401_docking_min1.mol2,-6,251
DB06712_docking_min1.mol2,-5.8,251
DB00393_docking_min1.mol2,-5.6,251
DB00622_docking_min1.mol2,-5.6,251
DB01054_docking_min1.mol2,-5.5,251
DB01115_docking_min1.mol2,-5.4,251
DB09232_docking_min1.mol2,-5.3,251
DB09290_docking_min1.mol2,-6.6,252
DB09324_docking_min1.mol2,-6.6,253
DB01606_docking_min1.mol2,-5.9,253
DB11967_docking_min1.mol2,-6.6,254
DB00341_docking_min1.mol2,-6.5,255
DB01171_docking_min1.mol2,-6.3,255
DB06282_docking_min1.mol2,-6.3,255
DB00557_docking_min1.mol2,-5.9,255
DB00358_docking_min1.mol2,-6.5,256
DB00434_docking_min1.mol2,-6.5,257
DB06153_docking_min1.mol2,-6.4,257
DB00920_docking_min1.mol2,-6.3,257
DB01619_docking_min1.mol2,-6.3,257
DB00768_docking_min1.mol2,-6.5,258
DB00813_docking_min1.mol2,-6.5,259
DB00967_docking_min1.mol2,-6.5,260
DB00985_docking_min1.mol2,-6.5,261
DB01050_docking_min1.mol2,-6.5,262
DB09213_docking_min1.mol2,-6.5,262
DB06819_docking_min1.mol2,-6,262
DB09269_docking_min1.mol2,-5.7,262
DB03793_docking_min1.mol2,-5.1,262
DB01055_docking_min1.mol2,-6.5,263
DB08826_docking_min1.mol2,-5.5,263
DB01079_docking_min1.mol2,-6.5,264
DB01168_docking_min1.mol2,-6.5,265
DB00951_docking_min1.mol2,-5.9,265
DB01188_docking_min1.mol2,-6.5,266
DB04880_docking_min1.mol2,-6.5,267
DB06255_docking_min1.mol2,-6.5,268
DB06718_docking_min1.mol2,-6.5,269
DB06737_docking_min1.mol2,-6.5,270
DB08872_docking_min1.mol2,-6.5,271
DB00395_docking_min1.mol2,-5.6,271
DB00949_docking_min1.mol2,-5.5,271
DB06797_docking_min1.mol2,-5,271
DB00371_docking_min1.mol2,-4.6,271
DB09350_docking_min1.mol2,-6.5,272
DB11570_docking_min1.mol2,-6.5,273
DB11638_docking_min1.mol2,-6.5,274
DB13851_docking_min1.mol2,-6.5,275
DB00252_docking_min1.mol2,-6.4,276
DB05541_docking_min1.mol2,-6.3,276
DB01202_docking_min1.mol2,-5.8,276
DB00754_docking_min1.mol2,-5.3,276
DB00315_docking_min1.mol2,-6.4,277
DB00419_docking_min1.mol2,-6.4,278
DB01296_docking_min1.mol2,-6.3,278
DB00491_docking_min1.mol2,-6.1,278
DB05018_docking_min1.mol2,-6,278
DB00919_docking_min1.mol2,-5.4,278
DB00500_docking_min1.mol2,-6.4,279
DB00533_docking_min1.mol2,-6.4,280
DB00600_docking_min1.mol2,-6.4,281
DB00890_docking_min1.mol2,-6.3,281
DB00818_docking_min1.mol2,-6,281
DB02513_docking_min1.mol2,-5.9,281
DB00255_docking_min1.mol2,-5.6,281
DB13908_docking_min1.mol2,-5.6,281
DB11254_docking_min1.mol2,-5.3,281
DB11304_docking_min1.mol2,-5.2,281
DB09516_docking_min1.mol2,-5.1,281
DB11085_docking_min1.mol2,-5,281
DB09526_docking_min1.mol2,-4.8,281
DB03255_docking_min1.mol2,-4.4,281
DB00715_docking_min1.mol2,-6.4,282
DB00883_docking_min1.mol2,-6.4,283
DB01020_docking_min1.mol2,-6.2,283
DB01034_docking_min1.mol2,-6.4,284
DB01042_docking_min1.mol2,-6.4,285
DB00291_docking_min1.mol2,-5.7,285
DB01108_docking_min1.mol2,-6.4,286
DB01587_docking_min1.mol2,-6.4,287
DB01616_docking_min1.mol2,-6.4,288
DB11279_docking_min1.mol2,-6.1,288
DB01429_docking_min1.mol2,-5.7,288
DB04564_docking_min1.mol2,-6.4,289
DB13178_docking_min1.mol2,-5.7,289
DB04890_docking_min1.mol2,-6.4,290
DB06148_docking_min1.mol2,-6.4,291
DB01071_docking_min1.mol2,-6.3,291
DB09167_docking_min1.mol2,-6.2,291
DB00340_docking_min1.mol2,-6.1,291
DB00679_docking_min1.mol2,-6.1,291
DB00458_docking_min1.mol2,-6,291
DB00831_docking_min1.mol2,-6,291
DB00933_docking_min1.mol2,-6,291
DB08996_docking_min1.mol2,-5.9,291
DB00726_docking_min1.mol2,-5.8,291
DB01242_docking_min1.mol2,-5.8,291
DB00508_docking_min1.mol2,-5.7,291
DB00777_docking_min1.mol2,-5.7,291
DB00902_docking_min1.mol2,-5.7,291
DB01615_docking_min1.mol2,-5.6,291
DB08802_docking_min1.mol2,-5.6,291
DB00433_docking_min1.mol2,-5.5,291
DB09000_docking_min1.mol2,-5.5,291
DB12710_docking_min1.mol2,-5.4,291
DB00392_docking_min1.mol2,-5.3,291
DB01069_docking_min1.mol2,-5.3,291
DB01403_docking_min1.mol2,-5.3,291
DB01246_docking_min1.mol2,-5.2,291
DB00420_docking_min1.mol2,-5.1,291
DB00477_docking_min1.mol2,-5.1,291
DB08792_docking_min1.mol2,-6.4,292
DB00316_docking_min1.mol2,-5.7,292
DB08964_docking_min1.mol2,-6.4,293
DB06826_docking_min1.mol2,-6.3,293
DB00929_docking_min1.mol2,-6.1,293
DB09006_docking_min1.mol2,-6.4,294
DB04838_docking_min1.mol2,-6.2,294
DB09084_docking_min1.mol2,-6.4,295
DB09088_docking_min1.mol2,-6.4,296
DB11609_docking_min1.mol2,-5.7,296
DB00333_docking_min1.mol2,-5.5,296
DB01227_docking_min1.mol2,-5.4,296
DB00647_docking_min1.mol2,-5.1,296
DB01433_docking_min1.mol2,-4.9,296
DB09282_docking_min1.mol2,-6.4,297
DB11921_docking_min1.mol2,-6.4,298
DB12532_docking_min1.mol2,-6.4,299
DB13858_docking_min1.mol2,-6.4,300
DB00235_docking_min1.mol2,-6.3,301
DB00379_docking_min1.mol2,-6.3,302
DB00289_docking_min1.mol2,-5.7,302
DB00446_docking_min1.mol2,-6.3,303
DB00514_docking_min1.mol2,-6.3,304
DB00802_docking_min1.mol2,-6.3,305
DB00856_docking_min1.mol2,-6.3,306
DB00904_docking_min1.mol2,-6.3,307
DB00924_docking_min1.mol2,-6.3,308
DB00321_docking_min1.mol2,-6,308
DB01142_docking_min1.mol2,-6,308
DB01239_docking_min1.mol2,-5.7,308
DB09016_docking_min1.mol2,-5.7,308
DB01043_docking_min1.mol2,-6.3,309
DB00478_docking_min1.mol2,-6.1,309
DB00915_docking_min1.mol2,-5.4,309
DB01209_docking_min1.mol2,-6.3,310
DB01255_docking_min1.mol2,-6.3,311
DB01340_docking_min1.mol2,-6.3,312
DB03209_docking_min1.mol2,-6.3,313
DB04864_docking_min1.mol2,-6.3,314
DB05266_docking_min1.mol2,-6.3,315
DB06697_docking_min1.mol2,-6.3,316
DB08976_docking_min1.mol2,-6.3,317
DB09071_docking_min1.mol2,-6.3,318
DB09197_docking_min1.mol2,-6.3,319
DB11207_docking_min1.mol2,-6.3,320
DB09496_docking_min1.mol2,-6.2,320
DB11226_docking_min1.mol2,-5.5,320
DB11327_docking_min1.mol2,-6.3,321
DB06815_docking_min1.mol2,-4.5,321
DB12938_docking_min1.mol2,-6.3,322
DB00192_docking_min1.mol2,-6.2,323
DB00998_docking_min1.mol2,-6.2,323
DB00245_docking_min1.mol2,-6.2,324
DB00907_docking_min1.mol2,-5.6,324
DB00413_docking_min1.mol2,-6.2,325
DB00425_docking_min1.mol2,-6.2,326
DB00472_docking_min1.mol2,-6.2,327
DB00540_docking_min1.mol2,-6.2,328
DB00934_docking_min1.mol2,-6.2,328
DB00344_docking_min1.mol2,-5.8,328
DB01083_docking_min1.mol2,-6.2,329
DB11272_docking_min1.mol2,-5.7,329
DB01104_docking_min1.mol2,-6.2,330
DB01191_docking_min1.mol2,-6.2,331
DB01012_docking_min1.mol2,-5.7,331
DB00574_docking_min1.mol2,-5,331
DB01243_docking_min1.mol2,-6.2,332
DB11145_docking_min1.mol2,-6.2,332
DB09115_docking_min1.mol2,-5.1,332
DB04815_docking_min1.mol2,-5,332
DB01452_docking_min1.mol2,-6.2,333
DB04846_docking_min1.mol2,-6.2,334
DB01408_docking_min1.mol2,-6,334
DB06209_docking_min1.mol2,-6.2,335
DB09014_docking_min1.mol2,-6.2,336
DB09061_docking_min1.mol2,-6.2,337
DB09242_docking_min1.mol2,-6.2,338
DB01099_docking_min1.mol2,-5.5,338
DB12537_docking_min1.mol2,-6.2,339
DB12792_docking_min1.mol2,-6.2,340
DB13180_docking_min1.mol2,-6.2,341
DB01638_docking_min1.mol2,-5.9,341
DB04272_docking_min1.mol2,-5.9,341
DB06801_docking_min1.mol2,-5.7,341
DB11735_docking_min1.mol2,-5.5,341
DB01914_docking_min1.mol2,-5.4,341
DB09502_docking_min1.mol2,-5.4,341
DB00742_docking_min1.mol2,-5.3,341
DB09459_docking_min1.mol2,-5.2,341
DB09419_docking_min1.mol2,-5.1,341
DB00566_docking_min1.mol2,-5,341
DB04398_docking_min1.mol2,-4.1,341
DB09462_docking_min1.mol2,-4.1,341
DB00121_docking_min1.mol2,-6.1,342
DB00125_docking_min1.mol2,-6.1,343
DB11815_docking_min1.mol2,-5.8,343
DB00120_docking_min1.mol2,-5.6,343
DB04339_docking_min1.mol2,-5.4,343
DB00130_docking_min1.mol2,-5.2,343
DB00142_docking_min1.mol2,-5.1,343
DB00230_docking_min1.mol2,-5.1,343
DB06243_docking_min1.mol2,-5,343
DB00149_docking_min1.mol2,-4.9,343
DB00167_docking_min1.mol2,-4.8,343
DB00330_docking_min1.mol2,-4.8,343
DB00513_docking_min1.mol2,-4.8,343
DB00123_docking_min1.mol2,-4.7,343
DB00156_docking_min1.mol2,-4.7,343
DB00129_docking_min1.mol2,-4.6,343
DB00161_docking_min1.mol2,-4.6,343
DB01080_docking_min1.mol2,-4.6,343
DB00134_docking_min1.mol2,-4.5,343
DB02893_docking_min1.mol2,-4.5,343
DB03929_docking_min1.mol2,-4.4,343
DB13972_docking_min1.mol2,-4.4,343
DB00133_docking_min1.mol2,-4.3,343
DB00160_docking_min1.mol2,-4.2,343
DB02530_docking_min1.mol2,-4.2,343
DB11142_docking_min1.mol2,-4.2,343
DB00151_docking_min1.mol2,-4,343
DB00145_docking_min1.mol2,-3.7,343
DB00184_docking_min1.mol2,-6.1,344
DB11156_docking_min1.mol2,-4.6,344
DB00352_docking_min1.mol2,-6.1,345
DB01033_docking_min1.mol2,-5.4,345
DB00380_docking_min1.mol2,-6.1,346
DB00496_docking_min1.mol2,-6.1,347
DB00708_docking_min1.mol2,-6.1,348
DB00561_docking_min1.mol2,-5.5,348
DB00899_docking_min1.mol2,-5.5,348
DB00749_docking_min1.mol2,-6.1,349
DB01196_docking_min1.mol2,-6.1,350
DB01322_docking_min1.mol2,-6.1,351
DB01394_docking_min1.mol2,-6.1,352
DB01407_docking_min1.mol2,-6.1,353
DB01427_docking_min1.mol2,-6.1,354
DB04938_docking_min1.mol2,-6.1,355
DB08810_docking_min1.mol2,-6.1,356
DB09055_docking_min1.mol2,-6.1,357
DB09262_docking_min1.mol2,-6.1,358
DB11560_docking_min1.mol2,-6.1,359
DB11584_docking_min1.mol2,-6.1,360
DB12293_docking_min1.mol2,-6.1,361
DB01579_docking_min1.mol2,-5.3,361
DB12473_docking_min1.mol2,-6.1,362
DB00280_docking_min1.mol2,-6,363
DB04896_docking_min1.mol2,-6,363
DB01625_docking_min1.mol2,-5.8,363
DB08918_docking_min1.mol2,-5.2,363
DB00292_docking_min1.mol2,-6,364
DB00389_docking_min1.mol2,-5.4,364
DB00302_docking_min1.mol2,-6,365
DB00996_docking_min1.mol2,-5.8,365
DB02362_docking_min1.mol2,-5.7,365
DB00181_docking_min1.mol2,-4.9,365
DB00470_docking_min1.mol2,-6,366
DB00543_docking_min1.mol2,-6,367
DB00617_docking_min1.mol2,-6,368
DB00347_docking_min1.mol2,-5.6,368
DB00695_docking_min1.mol2,-6,369
DB00782_docking_min1.mol2,-6,370
DB00940_docking_min1.mol2,-5.7,370
DB00863_docking_min1.mol2,-6,371
DB00585_docking_min1.mol2,-5.6,371
DB00905_docking_min1.mol2,-6,372
DB00980_docking_min1.mol2,-6,373
DB00981_docking_min1.mol2,-6,374
DB00989_docking_min1.mol2,-6,375
DB00545_docking_min1.mol2,-4.6,375
DB01031_docking_min1.mol2,-6,376
DB01036_docking_min1.mol2,-6,377
DB00285_docking_min1.mol2,-5.3,377
DB06700_docking_min1.mol2,-5,377
DB06204_docking_min1.mol2,-4.9,377
DB11587_docking_min1.mol2,-4.7,377
DB11278_docking_min1.mol2,-4.6,377
DB01224_docking_min1.mol2,-6,378
DB01320_docking_min1.mol2,-6,379
DB01364_docking_min1.mol2,-6,380
DB00852_docking_min1.mol2,-4.8,380
DB01367_docking_min1.mol2,-6,381
DB05676_docking_min1.mol2,-6,382
DB13025_docking_min1.mol2,-5.9,382
DB09376_docking_min1.mol2,-6,383
DB12328_docking_min1.mol2,-6,384
DB00147_docking_min1.mol2,-5.9,385
DB00159_docking_min1.mol2,-5.9,386
DB13854_docking_min1.mol2,-5.9,386
DB03756_docking_min1.mol2,-5.6,386
DB04224_docking_min1.mol2,-5.6,386
DB03193_docking_min1.mol2,-5.5,386
DB00132_docking_min1.mol2,-5.4,386
DB03796_docking_min1.mol2,-5.3,386
DB00154_docking_min1.mol2,-5.1,386
DB03017_docking_min1.mol2,-5,386
DB14104_docking_min1.mol2,-5,386
DB00313_docking_min1.mol2,-4.9,386
DB04519_docking_min1.mol2,-4.5,386
DB01440_docking_min1.mol2,-4,386
DB03766_docking_min1.mol2,-3.4,386
DB03166_docking_min1.mol2,-3.2,386
DB01942_docking_min1.mol2,-2.8,386
DB00270_docking_min1.mol2,-5.9,387
DB00273_docking_min1.mol2,-5.9,388
DB00348_docking_min1.mol2,-5.9,389
DB00356_docking_min1.mol2,-5.9,390
DB00475_docking_min1.mol2,-5.9,391
DB00501_docking_min1.mol2,-5.9,392
DB00786_docking_min1.mol2,-5.9,393
DB01783_docking_min1.mol2,-5.8,393
DB09357_docking_min1.mol2,-5.6,393
DB00876_docking_min1.mol2,-5.9,394
DB01085_docking_min1.mol2,-5.9,395
DB01559_docking_min1.mol2,-5.9,396
DB00690_docking_min1.mol2,-5.3,396
DB01589_docking_min1.mol2,-5.9,397
DB04115_docking_min1.mol2,-5.9,398
DB04173_docking_min1.mol2,-5.9,399
DB09274_docking_min1.mol2,-5.9,400
DB11642_docking_min1.mol2,-5.9,401
DB12821_docking_min1.mol2,-5.9,402
DB00556_docking_min1.mol2,-4.9,402
DB13117_docking_min1.mol2,-4,402
DB13116_docking_min1.mol2,-3.8,402
DB01159_docking_min1.mol2,-3.7,402
DB12911_docking_min1.mol2,-5.9,403
DB00148_docking_min1.mol2,-5.8,404
DB00173_docking_min1.mol2,-5.8,405
DB00575_docking_min1.mol2,-5.8,406
DB00964_docking_min1.mol2,-5.2,406
DB00745_docking_min1.mol2,-5.8,407
DB06413_docking_min1.mol2,-5.6,407
DB00780_docking_min1.mol2,-5.8,408
DB00851_docking_min1.mol2,-5.8,409
DB01032_docking_min1.mol2,-5.8,410
DB01187_docking_min1.mol2,-5.8,411
DB01605_docking_min1.mol2,-5.8,412
DB01614_docking_min1.mol2,-5.8,413
DB06691_docking_min1.mol2,-5.8,414
DB11235_docking_min1.mol2,-5.7,414
DB08801_docking_min1.mol2,-5.8,415
DB08811_docking_min1.mol2,-5.8,416
DB08994_docking_min1.mol2,-5.8,417
DB09018_docking_min1.mol2,-5.8,418
DB00409_docking_min1.mol2,-5.2,418
DB01233_docking_min1.mol2,-5.1,418
DB09068_docking_min1.mol2,-5.8,419
DB09210_docking_min1.mol2,-5.8,420
DB09225_docking_min1.mol2,-5.8,421
DB00202_docking_min1.mol2,-5.7,422
DB03128_docking_min1.mol2,-4.6,422
DB06709_docking_min1.mol2,-4.5,422
DB08842_docking_min1.mol2,-4.2,422
DB06756_docking_min1.mol2,-4,422
DB00400_docking_min1.mol2,-5.7,423
DB00531_docking_min1.mol2,-5.7,424
DB01181_docking_min1.mol2,-5.6,424
DB00733_docking_min1.mol2,-5.7,425
DB01151_docking_min1.mol2,-5.7,426
DB01178_docking_min1.mol2,-5.7,427
DB01190_docking_min1.mol2,-5.7,428
DB01627_docking_min1.mol2,-5.5,428
DB01244_docking_min1.mol2,-5.7,429
DB04920_docking_min1.mol2,-5.7,430
DB09236_docking_min1.mol2,-5.7,430
DB01023_docking_min1.mol2,-5.6,430
DB09237_docking_min1.mol2,-5.4,430
DB00381_docking_min1.mol2,-5,430
DB06193_docking_min1.mol2,-5.7,431
DB01087_docking_min1.mol2,-5.5,431
DB08998_docking_min1.mol2,-5.7,432
DB09021_docking_min1.mol2,-5.7,433
DB11738_docking_min1.mol2,-5.7,434
DB12667_docking_min1.mol2,-5.7,435
DB00198_docking_min1.mol2,-5.6,436
DB00548_docking_min1.mol2,-5.6,437
DB06216_docking_min1.mol2,-5.2,437
DB09555_docking_min1.mol2,-5,437
DB00139_docking_min1.mol2,-4.6,437
DB00550_docking_min1.mol2,-5.6,438
DB00648_docking_min1.mol2,-5.6,439
DB00825_docking_min1.mol2,-5.6,440
DB00830_docking_min1.mol2,-5.6,441
DB01160_docking_min1.mol2,-5.6,442
DB00429_docking_min1.mol2,-4.4,442
DB01205_docking_min1.mol2,-5.6,443
DB01463_docking_min1.mol2,-5.6,444
DB06694_docking_min1.mol2,-5.6,445
DB00633_docking_min1.mol2,-5.5,445
DB08933_docking_min1.mol2,-5.6,446
DB09086_docking_min1.mol2,-5.6,447
DB09089_docking_min1.mol2,-5.6,448
DB00166_docking_min1.mol2,-5.5,449
DB00176_docking_min1.mol2,-5.5,450
DB00182_docking_min1.mol2,-5.5,451
DB09571_docking_min1.mol2,-5.5,451
DB01365_docking_min1.mol2,-5.4,451
DB01576_docking_min1.mol2,-5.3,451
DB01577_docking_min1.mol2,-5,451
DB06714_docking_min1.mol2,-5,451
DB00339_docking_min1.mol2,-5.5,452
DB02701_docking_min1.mol2,-5.4,452
DB00343_docking_min1.mol2,-5.5,453
DB00426_docking_min1.mol2,-5.5,454
DB00440_docking_min1.mol2,-5.5,455
DB01011_docking_min1.mol2,-5.5,456
DB01074_docking_min1.mol2,-5.5,457
DB01077_docking_min1.mol2,-5.5,458
DB00720_docking_min1.mol2,-5,458
DB04160_docking_min1.mol2,-5,458
DB00529_docking_min1.mol2,-4.8,458
DB00710_docking_min1.mol2,-4.8,458
DB09394_docking_min1.mol2,-3.9,458
DB11348_docking_min1.mol2,-3.5,458
DB01084_docking_min1.mol2,-5.5,459
DB01105_docking_min1.mol2,-5.5,460
DB01133_docking_min1.mol2,-5.5,461
DB01718_docking_min1.mol2,-5.5,462
DB01245_docking_min1.mol2,-5,462
DB04221_docking_min1.mol2,-5,462
DB13970_docking_min1.mol2,-5,462
DB11583_docking_min1.mol2,-3.9,462
DB06261_docking_min1.mol2,-5.5,463
DB00855_docking_min1.mol2,-4.8,463
DB00992_docking_min1.mol2,-4.6,463
DB06751_docking_min1.mol2,-5.5,464
DB09019_docking_min1.mol2,-5.5,465
DB09185_docking_min1.mol2,-5.5,466
DB00234_docking_min1.mol2,-5.2,466
DB09069_docking_min1.mol2,-5,466
DB09352_docking_min1.mol2,-5.5,467
DB00397_docking_min1.mol2,-4.6,467
DB13853_docking_min1.mol2,-5.5,468
DB00138_docking_min1.mol2,-5.4,469
DB00174_docking_min1.mol2,-5.1,469
DB00128_docking_min1.mol2,-4.9,469
DB00152_docking_min1.mol2,-5.4,470
DB00476_docking_min1.mol2,-5.4,471
DB00758_docking_min1.mol2,-5.4,472
DB00208_docking_min1.mol2,-5.2,472
DB00772_docking_min1.mol2,-5.4,473
DB00809_docking_min1.mol2,-5.4,474
DB00903_docking_min1.mol2,-5.4,475
DB01236_docking_min1.mol2,-5.4,476
DB01423_docking_min1.mol2,-5.4,477
DB03088_docking_min1.mol2,-5.4,477
DB08847_docking_min1.mol2,-5.2,477
DB00172_docking_min1.mol2,-4.7,477
DB03852_docking_min1.mol2,-5.4,478
DB04657_docking_min1.mol2,-5.4,479
DB06701_docking_min1.mol2,-5.4,480
DB00422_docking_min1.mol2,-5.2,480
DB09060_docking_min1.mol2,-5.4,481
DB11640_docking_min1.mol2,-5.4,482
DB06637_docking_min1.mol2,-4.4,482
DB13966_docking_min1.mol2,-5.4,483
DB00627_docking_min1.mol2,-5.3,484
DB13882_docking_min1.mol2,-5.1,484
DB00697_docking_min1.mol2,-5.3,485
DB00848_docking_min1.mol2,-5.3,486
DB01090_docking_min1.mol2,-5.3,487
DB01878_docking_min1.mol2,-5.3,488
DB06762_docking_min1.mol2,-5.3,489
DB08991_docking_min1.mol2,-5.3,490
DB09097_docking_min1.mol2,-5.3,491
DB09117_docking_min1.mol2,-5.3,492
DB00193_docking_min1.mol2,-5.2,493
DB00262_docking_min1.mol2,-5.2,494
DB01206_docking_min1.mol2,-4.8,494
DB00609_docking_min1.mol2,-5.2,495
DB00937_docking_min1.mol2,-5.2,496
DB11282_docking_min1.mol2,-4.7,496
DB01143_docking_min1.mol2,-5.2,497
DB04837_docking_min1.mol2,-5.2,498
DB05271_docking_min1.mol2,-5.2,499
DB06698_docking_min1.mol2,-5.2,500
DB09009_docking_min1.mol2,-5.2,501
DB09031_docking_min1.mol2,-5.2,502
DB01057_docking_min1.mol2,-5,502
DB09283_docking_min1.mol2,-5.2,503
DB09494_docking_min1.mol2,-5.2,504
DB00632_docking_min1.mol2,-5.1,504
DB02325_docking_min1.mol2,-2.9,504
DB03175_docking_min1.mol2,-2.9,504
DB00898_docking_min1.mol2,-2.5,504
DB00191_docking_min1.mol2,-5.1,505
DB00265_docking_min1.mol2,-5.1,506
DB00659_docking_min1.mol2,-5.1,507
DB00752_docking_min1.mol2,-5.1,508
DB04209_docking_min1.mol2,-5.1,509
DB08944_docking_min1.mol2,-5.1,510
DB00657_docking_min1.mol2,-5,511
DB01008_docking_min1.mol2,-5,512
DB01019_docking_min1.mol2,-5,513
DB08887_docking_min1.mol2,-5,514
DB08924_docking_min1.mol2,-5,515
DB08966_docking_min1.mol2,-5,516
DB08982_docking_min1.mol2,-5,517
DB09257_docking_min1.mol2,-5,518
DB13146_docking_min1.mol2,-5,519
DB00127_docking_min1.mol2,-4.9,520
DB00228_docking_min1.mol2,-4.9,521
DB00753_docking_min1.mol2,-4.9,521
DB01189_docking_min1.mol2,-4.7,521
DB01028_docking_min1.mol2,-4.3,521
DB00583_docking_min1.mol2,-4.9,522
DB00865_docking_min1.mol2,-4.9,523
DB01037_docking_min1.mol2,-4.9,524
DB01626_docking_min1.mol2,-4.5,524
DB08908_docking_min1.mol2,-4.9,525
DB12243_docking_min1.mol2,-4.9,526
DB00431_docking_min1.mol2,-4.8,527
DB00804_docking_min1.mol2,-4.8,528
DB11186_docking_min1.mol2,-4.6,528
DB00828_docking_min1.mol2,-4.8,529
DB01424_docking_min1.mol2,-4.8,530
DB11768_docking_min1.mol2,-4.8,531
DB00911_docking_min1.mol2,-4.7,532
DB04572_docking_min1.mol2,-4.7,533
DB06770_docking_min1.mol2,-4.7,534
DB08958_docking_min1.mol2,-4.7,535
DB11079_docking_min1.mol2,-4.7,536
DB13747_docking_min1.mol2,-4.6,536
DB00185_docking_min1.mol2,-4.6,537
DB01612_docking_min1.mol2,-4.6,538
DB11328_docking_min1.mol2,-4.6,539
DB01956_docking_min1.mol2,-4.4,539
DB00729_docking_min1.mol2,-3.9,539
DB09110_docking_min1.mol2,-3.8,539
DB09322_docking_min1.mol2,-3.7,539
DB09499_docking_min1.mol2,-3.7,539
DB00189_docking_min1.mol2,-4.5,540
DB00272_docking_min1.mol2,-4.5,541
DB01213_docking_min1.mol2,-4.1,541
DB05381_docking_min1.mol2,-4.5,542
DB06706_docking_min1.mol2,-4.5,543
DB06799_docking_min1.mol2,-4.5,544
DB06824_docking_min1.mol2,-4.5,545
DB01223_docking_min1.mol2,-3.1,545
DB09366_docking_min1.mol2,-4.5,546
DB13960_docking_min1.mol2,-4.5,547
DB00711_docking_min1.mol2,-4.4,548
DB03754_docking_min1.mol2,-4.4,549
DB00859_docking_min1.mol2,-4.3,549
DB01158_docking_min1.mol2,-4.3,550
DB01563_docking_min1.mol2,-4.3,551
DB00119_docking_min1.mol2,-4.2,552
DB00677_docking_min1.mol2,-4.2,553
DB00793_docking_min1.mol2,-4.2,554
DB01550_docking_min1.mol2,-4.2,555
DB11386_docking_min1.mol2,-4.2,556
DB01005_docking_min1.mol2,-4.1,557
DB13838_docking_min1.mol2,-4.1,558
DB11180_docking_min1.mol2,-4,559
DB00763_docking_min1.mol2,-3.9,560
DB03085_docking_min1.mol2,-3.9,561
DB08809_docking_min1.mol2,-3.9,562
DB09418_docking_min1.mol2,-3.9,563
DB11164_docking_min1.mol2,-3.9,564
DB00122_docking_min1.mol2,-3.8,565
DB01303_docking_min1.mol2,-3.7,565
DB09563_docking_min1.mol2,-3.7,565
DB14006_docking_min1.mol2,-3.7,565
DB00592_docking_min1.mol2,-3.8,566
DB09112_docking_min1.mol2,-3.8,567
DB12529_docking_min1.mol2,-3.5,567
DB11068_docking_min1.mol2,-3.8,568
DB11127_docking_min1.mol2,-3.5,568
DB01839_docking_min1.mol2,-3.7,569
DB11104_docking_min1.mol2,-3.7,570
DB00888_docking_min1.mol2,-3.6,571
DB09348_docking_min1.mol2,-3.6,572
DB09510_docking_min1.mol2,-3.5,573
DB03904_docking_min1.mol2,-3.4,573
DB09513_docking_min1.mol2,-3.4,573
DB00822_docking_min1.mol2,-3.4,574
DB06782_docking_min1.mol2,-3.3,575
DB06689_docking_min1.mol2,-3.2,576
DB09353_docking_min1.mol2,-3.1,577
DB13996_docking_min1.mol2,-3.1,578
DB09409_docking_min1.mol2,-3,578
DB11129_docking_min1.mol2,-3,579
DB11091_docking_min1.mol2,-2.8,579
DB09140_docking_min1.mol2,-2.5,579
DB13323_docking_min1.mol2,-3,580
DB00375_docking_min1.mol2,-2.9,581
DB00658_docking_min1.mol2,-2.9,581
DB00847_docking_min1.mol2,-2.8,582
DB01093_docking_min1.mol2,-2.6,583
DB13813_docking_min1.mol2,-2.5,584
DB09321_docking_min1.mol2,-2.4,585
DB01377_docking_min1.mol2,-2.3,586
DB13259_docking_min1.mol2,-2,587
DB11123_docking_min1.mol2,-1.9,588
DB00971_docking_min1.mol2,-1.8,589
DB09138_docking_min1.mol2,-1.8,590
DB09145_docking_min1.mol2,-1.8,590
DB09314_docking_min1.mol2,-1.8,590
DB11171_docking_min1.mol2,-1.8,590
DB11573_docking_min1.mol2,-1.8,590
DB13163_docking_min1.mol2,-1.8,590
DB13595_docking_min1.mol2,-1.8,590
DB14116_docking_min1.mol2,-1.8,590
DB11342_docking_min1.mol2,-1.4,590
DB13249_docking_min1.mol2,-1.4,590
DB00435_docking_min1.mol2,-1.7,591
DB03843_docking_min1.mol2,-1.7,592
DB11109_docking_min1.mol2,-1.7,593
DB05382_docking_min1.mol2,-1.5,594
DB00958_docking_min1.mol2,-1.3,595
DB09326_docking_min1.mol2,-1.3,595
DB06768_docking_min1.mol2,-1.3,596
DB09152_docking_min1.mol2,-1.3,597
DB00258_docking_min1.mol2,-1.2,598
DB00653_docking_min1.mol2,-1.2,598
DB01397_docking_min1.mol2,-1.2,598
DB06724_docking_min1.mol2,-1.2,598
DB09104_docking_min1.mol2,-1.2,598
DB09481_docking_min1.mol2,-1.2,598
DB11168_docking_min1.mol2,-1.2,598
DB11189_docking_min1.mol2,-1.2,598
DB11264_docking_min1.mol2,-1.2,598
DB13231_docking_min1.mol2,-1.2,598
DB13800_docking_min1.mol2,-1.2,598
DB00464_docking_min1.mol2,-1.2,599
DB00815_docking_min1.mol2,-1.2,599
DB01390_docking_min1.mol2,-1.2,599
DB04817_docking_min1.mol2,-1.2,599
DB09072_docking_min1.mol2,-1.2,599
DB09276_docking_min1.mol2,-1.2,599
DB09395_docking_min1.mol2,-1.2,599
DB09413_docking_min1.mol2,-1.2,599
DB09414_docking_min1.mol2,-1.2,599
DB09449_docking_min1.mol2,-1.2,599
DB09472_docking_min1.mol2,-1.2,599
DB09561_docking_min1.mol2,-1.2,599
DB11090_docking_min1.mol2,-1.2,599
DB11098_docking_min1.mol2,-1.2,599
DB11151_docking_min1.mol2,-1.2,599
DB11153_docking_min1.mol2,-1.2,599
DB11159_docking_min1.mol2,-1.2,599
DB13157_docking_min1.mol2,-1.2,599
DB13707_docking_min1.mol2,-1.2,599
DB14015_docking_min1.mol2,-1.2,599
DB06778_docking_min1.mol2,-1.2,600
DB09221_docking_min1.mol2,-1.2,600
DB11175_docking_min1.mol2,-1.2,600
DB11197_docking_min1.mol2,-1.2,601
DB11210_docking_min1.mol2,-1.2,601
DB13257_docking_min1.mol2,-1.2,601
DB00462_docking_min1.mol2,-1.1,602
DB00517_docking_min1.mol2,-1.1,602
DB00725_docking_min1.mol2,-1.1,602
DB11072_docking_min1.mol2,-1.1,603
DB00411_docking_min1.mol2,-1,604
DB06767_docking_min1.mol2,-1,604
DB09241_docking_min1.mol2,-1,604
DB09277_docking_min1.mol2,-1,604
DB13969_docking_min1.mol2,-1,604
